USE musicplace;
INSERT INTO Artista(nome, foto)
VALUES ("Pinguini Tattici Nucleari",  "img/pinguini.jpg"),
("Fulminacci",  "img/fulminacci.jpg"),
("rovere",  "img/rovere.jpg");

INSERT INTO album(ID,titolo, casa_discografica, copertina, prezzo, IVA,anno_produzione)
VALUES
("11111","Il re è nudo", "Sony", "img/il re è nudo.jpg", "10", "2.2","2014"),
("22222","Gioventù brucata", "Sony","img/gioventubrucata.jpg", "13", "2.86","2017"),
("33333","Fuori dall'hype-Ringo Starr", "Sony", "img/fuoridallhype.jpg", "17", "3.34","2019"),
("44444","Ahia!", "Sony","img/ahia.jpg", "15", "3.3","2020"),
("55555","La vita veramente", "Maciste Dischi","img/lavitaveramente.jpg", "10", "2.2","2019"),
("66666","Tante care cose", "Maciste Dischi", "img/tantecarecose.jpg", "14.39", "3.17","2021"),
("77777","ultima stagione", "Sony", "img/ultimastagione.jpg" ,"7", "1.54","2019"),
("88888","disponibile anche in mogano", "Sony","img/dispinmogano.jpg", "15", "3.30","2019"),
("99999","bim bum bam", "Sony", "img/bimbumbam.jpg", "1.50", "0.33","2021"); 

INSERT INTO incisione(ID_artista, ID_album)
VALUES ("1", "11111"),
("1","22222"),
("1","33333"),
("1","44444"),
("2", "55555"),
("2", "66666"),
("3", "77777"),
("3", "88888"),
("3", "99999");

INSERT INTO brano(titolo, traccia, prezzo, IVA, ID_album)
VALUES
("In vento (Intro)", "xxx", "1.50", "0.33", "11111"),
("In vento", "xxx", "1.50", "0.33", "11111"),
("Italia Italia", "xxx", "1.50", "0.33", "11111"),
("Test di ingresso di medicina", "xxx", "1.50", "0.33", "11111"),
("Jack il melo drammatico", "xxx", "1.50", "0.33", "11111"),
("Bagatelle", "xxx", "1.50", "0.33", "11111"),
("Ilaria", "xxx", "1.50", "0.33", "11111"),
("Cancelleria", "xxx", "1.50", "0.33", "11111"),
("Intro Montanelli", "xxx", "1.50", "0.33", "22222"),
("Sciare", "xxx", "1.50", "0.33", "22222"),
("Gioventù brucata", "xxx", "1.50", "0.33", "22222"),
("Ninna nanna", "xxx", "1.50", "0.33", "22222"),
("L'uomo che inventò il fuoco", "xxx", "1.50", "0.33", "22222"),
("Irene", "xxx", "1.50", "0.33", "22222"),
("Senti che cantare questi!", "xxx", "1.50", "0.33", "22222"),
("Pula", "xxx", "1.50", "0.33", "22222"),
("79", "xxx", "1.50", "0.33", "22222"),
("Gigi cinque ottavi", "xxx", "1.50", "0.33", "22222"),
("Tetris", "xxx", "1.50", "0.33", "22222"),
("Il concorso musicale", "xxx", "1.50", "0.33", "22222"),
("Ringo Starr", "xxx", "1.50", "0.33", "22222"),
("Ridere", "xxx", "1.50", "0.33", "33333"),
("Bergamo", "xxx", "1.50", "0.33", "33333"),
("Fuori dall'hype", "xxx", "1.50", "0.33", "33333"),
("Antartide", "xxx", "1.50", "0.33", "33333"),
("Lake Washington Boulevard", "xxx", "1.50", "0.33", "33333"),
("Monopoli", "xxx", "1.50", "0.33", "33333"),
("Nonono", "xxx", "1.50", "0.33", "33333"),
("Scatole", "xxx", "1.50", "0.33", "33333"),
("Sashimi", "xxx", "1.50", "0.33", "33333"),
("La banalità del mare", "xxx", "1.50", "0.33", "33333"),
("Verdura", "xxx", "1.50", "0.33", "33333"),
("Freddie", "xxx", "1.50", "0.33", "33333"),
("Scooby Doo", "xxx", "1.50", "0.33", "44444"),
("Scrivile scemo", "xxx", "1.50", "0.33", "44444"),
("Bohémien", "xxx", "1.50", "0.33", "44444"),
("Pastello bianco", "xxx", "1.50", "0.33", "44444"),
("La storia infinita", "xxx", "1.50", "0.33", "44444"),
("Giulia", "xxx", "1.50", "0.33", "44444"),
("Ahia!", "xxx", "1.50", "0.33", "44444"),
("Davanti a te", "xxx", "1.50", "0.33", "55555"),
("La vita veramente", "xxx", "1.50", "0.33", "55555"),
("Tommaso", "xxx", "1.50", "0.33", "55555"),
("Borghese in borghese", "xxx", "1.50", "0.33", "55555"),
("Resistenza", "xxx", "1.50", "0.33", "55555"),
("I nostri corpi", "xxx", "1.50", "0.33", "55555"),
("Al giusto momento", "xxx", "1.50", "0.33", "55555"),
("La soglia dell'attenzione", "xxx", "1.50", "0.33", "55555"),
("Una sera", "xxx", "1.50", "0.33", "55555"),
("Meglio di così", "xxx", "1.50", "0.33", "66666"),
("Santa Marinella", "xxx", "1.50", "0.33", "66666"),
("Miss Mondo Africa", "xxx", "1.50", "0.33", "66666"),
("La grande bugia", "xxx", "1.50", "0.33", "66666"),
("Un fatto tuo personale", "xxx", "1.50", "0.33", "66666"),
("Tattica", "xxx", "1.50", "0.33", "66666"),
("Canguro", "xxx", "1.50", "0.33", "66666"),
("Forte la banda", "xxx", "1.50", "0.33", "66666"),
("Giovane da un po'", "xxx", "1.50", "0.33", "66666"),
("Le biciclette", "xxx", "1.50", "0.33", "66666"),
("stupido clark kent", "xxx", "1.50", "0.33", "77777"),
("come ha fatto jon", "xxx", "1.50", "0.33", "77777"),
("wi-fi", "xxx", "1.50", "0.33", "77777"),
("caccia militare", "xxx", "1.50", "0.33", "88888"),
("tadb", "xxx", "1.50", "0.33", "88888"),
("soli come a bologna", "xxx", "1.50", "0.33", "88888"),
("peter pan", "xxx", "1.50", "0.33", "88888"),
("sport", "xxx", "1.50", "0.33", "88888"),
("conforto", "xxx", "1.50", "0.33", "88888"),
("silenzio", "xxx", "1.50", "0.33", "88888"),
("everest", "xxx", "1.50", "0.33", "88888"),
("primavera 80", "xxx", "1.50", "0.33", "88888"),
("la pioggia che non sapevo", "xxx", "1.50", "0.33", "88888"),
("bim bum bam", "xxx", "1.50", "0.33", "99999");

INSERT INTO album(ID,titolo, casa_discografica, copertina, prezzo, IVA,anno_produzione)
VALUES
("11112","Happier Than Ever","Interscope Records","img/happierthanever.jpg",12,2.64,2021),
("11113","Bye Bye","Warner Music Records","img/byebye.jpg",12,2.64,2018),
("11114","Illuminate","Island Records","img/illuminate.jpg",12,2.64,2017),
("11115","Future Nostalgia","Warner Music Records","img/futurenostalgia.jpg",12,2.64,2020),
("11116","Teatro d'ira","Sony","img/teatrodira.jpg",12,2.64,2021),
("11117","Shawn Mendes","Island Records","img/shawnmendes.jpg",12,2.64,2018),
("11118","Dua Lipa","Warner Music Records","img/albumdua.jpg",12,2.64,2017),
("11119","Il ballo della vita","Sony","img/ilballodellavita.jpg",12,2.64,2018),
("11120","Chosen","Sony","img/chosen.jpg",12,2.64,2017),
("11121","Scorpion","Cash Money Records","img/scorpion.jpg",12,2.64,2018),
("11122","Views","Cash Money Records","img/views.jpg",12,2.64,2016),
("11123","More Life","Cash Money Records","img/morelife.jpg",12,2.64,2017);

INSERT INTO Artista(nome, foto)
VALUES ("Billie Eilish",  "img/billie.jpg"), 
("Annalisa",  "img/annalisa.jpg"),
("Shawn Mendes",  "img/mendes.jpg"),
("Dua Lipa",  "img/dualipa.jpg"),
("Maneskin",  "img/maneskin.jpg"),
("Drake","img/drake.jpg");


INSERT INTO incisione(ID_artista, ID_album)
VALUES ("4","11112"),
("5","11113"),
("6","11114"),
("6","11117"),
("7","11115"),
("7","11118"),
("8","11116"),
("8","11119"),
("8","11120"),
("9","11121"),
("9","11122"),
("9","11123");

INSERT INTO brano(titolo, traccia, prezzo, IVA, ID_album)
VALUES
("Getting Older", "xxx", "1.50", "0.33", "11112"),
("I didn't change my number", "xxx", "1.50", "0.33", "11112"),
("my future", "xxx", "1.50", "0.33", "11112"),
("GOLDWING", "xxx", "1.50", "0.33", "11112"),
("Lost Cause", "xxx", "1.50", "0.33", "11112"),
("Not My Responsibility", "xxx", "1.50", "0.33", "11112"),
("Everybody Dies", "xxx", "1.50", "0.33", "11112"),
("Your Power", "xxx", "1.50", "0.33", "11112"),
("Therefore I Am", "xxx", "1.50", "0.33", "11112"),
("Happier Than Ever", "xxx", "1.50", "0.33", "11112"),
("Billie Bossa Nova", "xxx", "1.50", "0.33", "11112"),
("Bye Bye", "xxx", "1.50", "0.33", "11113"),
("Direzione la vita", "xxx", "1.50", "0.33", "11113"),
("Il mondo prima di te", "xxx", "1.50", "0.33", "11113"),
("Bianco nero e grigio", "xxx", "1.50", "0.33", "11113"),
("Le parole non mentono", "xxx", "1.50", "0.33", "11113"),
("Un domani", "xxx", "1.50", "0.33", "11113"),
("Illuminami", "xxx", "1.50", "0.33", "11113"),
("Ogni festa", "xxx", "1.50", "0.33", "11113"),
("Dimenticherai", "xxx", "1.50", "0.33", "11113"),
("Il prossimo weekend", "xxx", "1.50", "0.33", "11113"),
("Specchio", "xxx", "1.50", "0.33", "11113"),
("Superare", "xxx", "1.50", "0.33", "11113"),
("Dov'è che si va", "xxx", "1.50", "0.33", "11113"),
("Nothing holding me back", "xxx", "1.50", "0.33", "11114"),
("Ruin", "xxx", "1.50", "0.33", "11114"),
("Mercy", "xxx", "1.50", "0.33", "11114"),
("Treat you better", "xxx", "1.50", "0.33", "11114"),
("Three Empty Words", "xxx", "1.50", "0.33", "11114"),
("Don't be a fool", "xxx", "1.50", "0.33", "11114"),
("Like This", "xxx", "1.50", "0.33", "11114"),
("No Promises", "xxx", "1.50", "0.33", "11114"),
("Hold On", "xxx", "1.50", "0.33", "11114"),
("Roses", "xxx", "1.50", "0.33", "11114"),
("Patience", "xxx", "1.50", "0.33", "11114"),
("Future Nostalgia", "xxx", "1.50", "0.33", "11115"),
("Don't Start Now", "xxx", "1.50", "0.33", "11115"),
("Cool", "xxx", "1.50", "0.33", "11115"),
("Physical", "xxx", "1.50", "0.33", "11115"),
("Levitating", "xxx", "1.50", "0.33", "11115"),
("Pretty Please", "xxx", "1.50", "0.33", "11115"),
("Hallucinate", "xxx", "1.50", "0.33", "11115"),
("Love Again", "xxx", "1.50", "0.33", "11115"),
("Break My Heart", "xxx", "1.50", "0.33", "11115"),
("Fever", "xxx", "1.50", "0.33", "11115"),
("Zitti e buoni", "xxx", "1.50", "0.33", "11116"),
("Coraline", "xxx", "1.50", "0.33", "11116"),
("Lividi sui gomiti", "xxx", "1.50", "0.33", "11116"),
("In Nome Del Padre", "xxx", "1.50", "0.33", "11116"),
("For Your Love", "xxx", "1.50", "0.33", "11116"),
("La paura del buio", "xxx", "1.50", "0.33", "11116"),
("Vent'anni", "xxx", "1.50", "0.33", "11116"),
("In My Blood", "xxx", "1.50", "0.33", "11117"),
("Falling All In You", "xxx", "1.50", "0.33", "11117"),
("Where Were You In The Morning?", "xxx", "1.50", "0.33", "11117"),
("Nervous", "xxx", "1.50", "0.33", "11117"),
("Like To Be You", "xxx", "1.50", "0.33", "11117"),
("Lost In Japan", "xxx", "1.50", "0.33", "11117"),
("Why", "xxx", "1.50", "0.33", "11117"),
("Particular Taste", "xxx", "1.50", "0.33", "11117"),
("Because I Had You", "xxx", "1.50", "0.33", "11117"),
("Youth", "xxx", "1.50", "0.33", "11117"),
("Queen", "xxx", "1.50", "0.33", "11117"),
("Genesis", "xxx", "1.50", "0.33", "11118"),
("Lost In Your Light", "xxx", "1.50", "0.33", "11118"),
("Hotter Than Hell", "xxx", "1.50", "0.33", "11118"),
("Be The One", "xxx", "1.50", "0.33", "11118"),
("Idgaf", "xxx", "1.50", "0.33", "11118"),
("Blow Your Mind", "xxx", "1.50", "0.33", "11118"),
("Garden", "xxx", "1.50", "0.33", "11118"),
("Thinking About You", "xxx", "1.50", "0.33", "11118"),
("New Rules", "xxx", "1.50", "0.33", "11118"),
("Begging", "xxx", "1.50", "0.33", "11118"),
("Homesick", "xxx", "1.50", "0.33", "11118"),
("Last Dance", "xxx", "1.50", "0.33", "11118"),
("New Song", "xxx", "1.50", "0.33", "11119"),
("Torna a casa", "xxx", "1.50", "0.33", "11119"),
("L'altra dimensione", "xxx", "1.50", "0.33", "11119"),
("Fear For Nobody", "xxx", "1.50", "0.33", "11119"),
("Le Parole Lontane", "xxx", "1.50", "0.33", "11119"),
("Immortale", "xxx", "1.50", "0.33", "11119"),
("Lasciami Stare", "xxx", "1.50", "0.33", "11119"),
("Are You Ready?", "xxx", "1.50", "0.33", "11119"),
("Morirò Da Re", "xxx", "1.50", "0.33", "11119"),
("Chosen", "xxx", "1.50", "0.33", "11120"),
("Recovery", "xxx", "1.50", "0.33", "11120"),
("Vengo Dalla Luna", "xxx", "1.50", "0.33", "11120"),
("Beggin", "xxx", "1.50", "0.33", "11120"),
("Somebody Told Me", "xxx", "1.50", "0.33", "11120"),
("Let's Get It Started", "xxx", "1.50", "0.33", "11120"),
("Survival", "xxx", "1.50", "0.33", "11121"),
("Nonstop", "xxx", "1.50", "0.33", "11121"),
("God's Plan", "xxx", "1.50", "0.33", "11121"),
("Elevate", "xxx", "1.50", "0.33", "11121"),
("Talk Up", "xxx", "1.50", "0.33", "11121"),
("Is There More", "xxx", "1.50", "0.33", "11121"),
("Summer Games", "xxx", "1.50", "0.33", "11121"),
("Nice For What", "xxx", "1.50", "0.33", "11121"),
("In My Feelings", "xxx", "1.50", "0.33", "11121"),
("9", "xxx", "1.50", "0.33", "11122"),
("Feel No Ways", "xxx", "1.50", "0.33", "11122"),
("Hype", "xxx", "1.50", "0.33", "11122"),
("Redemption", "xxx", "1.50", "0.33", "11122"),
("With You", "xxx", "1.50", "0.33", "11122"),
("Still Here", "xxx", "1.50", "0.33", "11122"),
("Controlla", "xxx", "1.50", "0.33", "11122"),
("One Dance", "xxx", "1.50", "0.33", "11122"),
("Grammys", "xxx", "1.50", "0.33", "11122"),
("Too Good", "xxx", "1.50", "0.33", "11122"),
("Hotline Bling", "xxx", "1.50", "0.33", "11122"),
("Views", "xxx", "1.50", "0.33", "11122"),
("No Long Talk", "xxx", "1.50", "0.33", "11123"),
("Passionfruit", "xxx", "1.50", "0.33", "11123"),
("Get It Together", "xxx", "1.50", "0.33", "11123"),
("Madiba Riddim", "xxx", "1.50", "0.33", "11123"),
("Blem", "xxx", "1.50", "0.33", "11123"),
("Portland", "xxx", "1.50", "0.33", "11123"),
("Lose You","xxx", "1.50", "0.33", "11123"),
("Fake Love", "xxx", "1.50", "0.33", "11123"),
("Do Not Disturb", "xxx", "1.50", "0.33", "11123");


INSERT INTO ordine(Numero_Ordine,data_ordine,somma_pagata,IVA,numero_carta,username)
VALUES
("1","2021-05-10",24,5.28,"1111 2222 3333 4444","Alex"),
("2","2021-04-03",24,5.28,"1111 2222 3333 4444","Alex"),
("3","2021-07-22",1.5,0.33,"1111 2222 3333 4444","Alex"),
("4","2020-05-10",24,5.28,"2222 2222 3333 4444","Luke756"),
("5","2020-04-03",24,5.28,"2222 2222 3333 4444","Luke756"),
("6","2020-07-22",1.5,0.33,"2222 2222 3333 4444","Luke756"),
("7","2020-10-25",24,5.28,"2222 3333 3333 4444","Marc123"),
("8","2020-12-05",24,5.28,"2222 3333 3333 4444","Marc123"),
("9","2020-09-30",1.5,0.33,"2222 3333 3333 4444","Marc123"),
("10","2019-03-29",24,5.28,"1111 3333 3333 4444","Mauro"),
("11","2020-01-08",24,5.28,"1111 3333 3333 4444","Mauro"),
("12","2018-11-01",1.5,0.33,"1111 3333 3333 4444","Mauro"),
("13","2021-12-27",24,5.28,"2222 3333 4444 4444","Vale04"),
("14","2018-10-05",24,5.28,"2222 3333 4444 4444","Vale04"),
("15","2021-11-30",1.5,0.33,"2222 3333 4444 4444","Vale04");

INSERT INTO dettaglioordine(ID_ordine,titolo,prezzo,IVA,ID_album,ID_brano)
VALUES ("1","Happier Than Ever",12,2.64,11112,0),
("1","Illuminate",12,2.64,11114,0),
("2","Bye Bye",12,2.64,11113,0),
("2","Scorpion",12,2.64,11121,0),
("3","Fever",1.5,0.33,11115,118),
("4","Views",12,2.64,11122,0),
("4","More Life",12,2.64,11123,0),
("5","Shawn Mendes",12,2.64,11117,0),
("5","Il Ballo Della Vita",12,2.64,11119,0),
("6","Hotter Than Hell",1.5,0.33,11118,139),
("7","Chosen",12,2.64,11120,0),
("7","Dua Lipa",12,2.64,11118,0),
("8","Il re è nudo",12,2.64,11111,0),
("8","Teatro d'ira",12,2.64,11116,0),
("9","Nothing Holding Me Back",1.5,0.33,11114,98),
("10","Ahia!",12,2.64,11120,0),
("10","La vita veramente",12,2.64,11118,0),
("11","ultima stagione",12,2.64,11111,0),
("11","Happier Than Ever",12,2.64,11116,0),
("12","Is There More",1.5,0.33,11121,169),
("13","Future Nostalgia",12,2.64,11115,0),
("13","Bye Bye",12,2.64,11113,0),
("14","Views",12,2.64,11122,0),
("14","Tante care cose",12,2.64,66666,0),
("15","Passionfruit",1.5,0.33,11123,186);



INSERT INTO metodo_pagamento(numero,titolare,circuito,scadenza,CVV)
VALUES("1111 2222 3333 4444","Alessio Pepe","MasterCard","12/2025","345"),
("2222 2222 3333 4444","Luca Zaniolo","MasterCard","12/2023","123"),
("2222 3333 3333 4444","Marco Festa","Visa","10/2024","980"),
("1111 3333 3333 4444","Mauro Ambrosio","Visa","09/2025","502"),
("2222 3333 4444 4444","Valentina Rossi","MasterCard","03/2026","516");

INSERT INTO utilizzo(username_utente,numero_carta)
VALUES("Alex","1111 2222 3333 4444"),
("Luke756","2222 2222 3333 4444"),
("Marc123","2222 3333 3333 4444"),
("Mauro","1111 3333 3333 4444"),
("Vale04","2222 3333 4444 4444");

INSERT INTO album(ID,titolo, casa_discografica, copertina, prezzo, IVA,anno_produzione)
VALUES
("11124","What A Time To Be Alive","Cash Money Records","img/tobealive.jpg",12,2.64,2015),
("11125","Nothing Was The Same","Cash Money Records","img/nothingwasthesame.jpg",12,2.64,2013),
("11126","Take Care","Cash Money Records","img/takecare.jpg",12,2.64,2011),
("11127","Donda","UMG recordings","img/donda.jpg",12,2.64,2021),
("11128","Taxi Driver","Island Records","img/taxidriver.jpg",12,2.64,2021);

INSERT INTO Artista(nome, foto)
VALUES ("Kanye West",  "img/kanye.jpg"), 
("Rkomi",  "img/rkomi.jpg");

INSERT INTO incisione(ID_artista, ID_album)
VALUES ("9","11124"),
("9","11125"),
("9","11126"),
("10","11127"),
("11","11128");

INSERT INTO brano(titolo, traccia, prezzo, IVA, ID_album)
VALUES ("Digital Dash", "xxx", "1.50", "0.33", "11124"),
("Big Rings", "xxx", "1.50", "0.33", "11124"),
("Diamonds Dancing", "xxx", "1.50", "0.33", "11124"),
("Change Locations", "xxx", "1.50", "0.33", "11124"),
("Jersey", "xxx", "1.50", "0.33", "11124"),
("Jumpman", "xxx", "1.50", "0.33", "11124"),
("Tuscan Leather", "xxx", "1.50", "0.33", "11125"),
("Furthest Thing", "xxx", "1.50", "0.33", "11125"),
("Started From The Bottom", "xxx", "1.50", "0.33", "11125"),
("Own It", "xxx", "1.50", "0.33", "11125"),
("Connect", "xxx", "1.50", "0.33", "11125"),
("Too Much", "xxx", "1.50", "0.33", "11125"),
("All Me", "xxx", "1.50", "0.33", "11125"),
("Shot For Me", "xxx", "1.50", "0.33", "11126"),
("Headlines", "xxx", "1.50", "0.33", "11126"),
("Take Care", "xxx", "1.50", "0.33", "11126"),
("Make Me Proud", "xxx", "1.50", "0.33", "11126"),
("The Real Here", "xxx", "1.50", "0.33", "11126"),
("Practice", "xxx", "1.50", "0.33", "11126"),
("Jail", "xxx", "1.50", "0.33", "11127"),
("Hurricane", "xxx", "1.50", "0.33", "11127"),
("Praise God", "xxx", "1.50", "0.33", "11127"),
("24", "xxx", "1.50", "0.33", "11127"),
("Believe What I Say", "xxx", "1.50", "0.33", "11127"),
("Partire Da Te", "xxx", "1.50", "0.33", "11128"),
("Ho Spento Il Cielo", "xxx", "1.50", "0.33", "11128"),
("Diecimilavoci", "xxx", "1.50", "0.33", "11128"),
("Luna Piena", "xxx", "1.50", "0.33", "11128"),
("Nuovo Range", "xxx", "1.50", "0.33", "11128");

INSERT INTO utente (username, pasword , email, nome, cognome, data_nascita, citta, provincia, cap, indirizzo, civico, contatto) values ("Luke756", "190400", " luke00@gmail.com", "Luca", "Zaniolo", "2000-04-19", "Salerno", "SA", "84016", "Via Roma", "3", "3385432987");
INSERT INTO utente (username, pasword , email, nome, cognome, data_nascita, citta, provincia, cap, indirizzo, civico, contatto) values ("Marc123", "221298", " marc98@gmail.com", "Marco", "Festa", "1998-12-22", "Napoli", "NA", "80100", "Piazza Garibaldi", "7", "3372134654");
INSERT INTO utente (username, pasword , email, nome, cognome, data_nascita, citta, provincia, cap, indirizzo, civico, contatto) values ("Vale04", "040501", " vale01@gmail.com", "Valentina", "Rossi", "2001-05-04", "Palermo", "PA", "90121", "Via Mazzini", "29", "3312478103");
INSERT INTO utente (username, pasword , email, nome, cognome, data_nascita, citta, provincia, cap, indirizzo, civico, contatto) values ("Mauro", "070893", " mauro93@gmail.com", "Mauro", "Ambrosio", "1993-08-07", "Milano", "MI", "20021", "Piazza Mazzini", "21", "3395632610");
INSERT INTO utente (username, pasword , email, nome, cognome, data_nascita, citta, provincia, cap, indirizzo, civico, contatto) values ("Alex", "alex333", " ale00@gmail.com", "Alessio", "Pepe", "2000-07-13", "Pagani", "SA", "84016", "Via Garibaldi", "3", "3333435465");
